{
    "Player": {
        "Test": 90.0,
        "Translation": [
            2.4000000953674316,
            1.2000000476837158,
            0.7689999938011169
        ]
    }
}
